id,text
1,"Just had a great meal at the new restaurant downtown!"
2,"I love going to the beach with my family in the summer"
3,"Can't wait to see the new movie coming out this weekend"
4,"Feeling stressed out at work today, need a vacation"
5,"I can't believe how fast time is flying by"
6,"The concert last night was amazing, the band sounded even better live"
7,"I'm so excited to start my new job next week!"
8,"Feeling down today, need some motivation to get through the day"
9,"Spent the afternoon hiking in the mountains, the view was incredible"
10,"Just finished reading a great book, highly recommend it!"
11,"Having a lazy day at home watching movies and eating popcorn"
12,"Feeling grateful for my family and friends today"
13,"The weather is perfect for a day at the park"
14,"I can't believe it's already been a year since I graduated from college"
15,"Excited to start planning my next vacation!"
